Host,Datacenter,Cluster,Switch,# Ports,Free Ports,Promiscuous Mode,Mac Changes,Forged Transmits,Traffic Shaping,Width,Peak,Burst,Policy,Reverse Policy,Notify Switch,Rolling Order,Offload,TSO,Zero Copy Xmit,MTU,VI SDK Server,VI SDK UUID
sa-esxi-01.vclass.local,SA Datacenter,SA Compute-01,vSwitch0,2560,2548,False,True,True,False,0,0,0,loadbalance_srcid,True,True,False,True,True,True,1500,sa-vcsa-01.vclass.local,8489a4e0-3c29-4455-a617-730e40b7d1d4
sa-esxi-02.vclass.local,SA Datacenter,SA Compute-01,vSwitch0,2560,2548,False,True,True,False,0,0,0,loadbalance_srcid,True,True,False,True,True,True,1500,sa-vcsa-01.vclass.local,8489a4e0-3c29-4455-a617-730e40b7d1d4
sa-esxi-03.vclass.local,SA Datacenter,Clone Cluster,vSwitch0,2560,2548,False,True,True,False,0,0,0,loadbalance_srcid,True,True,False,True,True,True,1500,sa-vcsa-01.vclass.local,8489a4e0-3c29-4455-a617-730e40b7d1d4
sa-esxi-04.vclass.local,SA Datacenter,SA Compute-01,vSwitch0,2560,2548,False,True,True,False,0,0,0,loadbalance_srcid,True,True,False,True,True,True,1500,sa-vcsa-01.vclass.local,8489a4e0-3c29-4455-a617-730e40b7d1d4
