Name,Message,Message type,VI SDK Server,VI SDK UUID
[SA-Shared-01-Remote] cloudvolumes/apps_templates/template.vmdk,Possibly a Zombie vmdk file! Please check.,Zombie,sa-vcsa-01.vclass.local,8489a4e0-3c29-4455-a617-730e40b7d1d4
[SA-Shared-01-Remote] cloudvolumes/writable_templates/template_uia_only.vmdk,Possibly a Zombie vmdk file! Please check.,Zombie,sa-vcsa-01.vclass.local,8489a4e0-3c29-4455-a617-730e40b7d1d4
[SA-Shared-01-Remote] cloudvolumes/writable_templates/template_uia_plus_profile.vmdk,Possibly a Zombie vmdk file! Please check.,Zombie,sa-vcsa-01.vclass.local,8489a4e0-3c29-4455-a617-730e40b7d1d4
[SA-Shared-01-Remote] Windows-7-x64-sp1/Windows-7-x64-sp1.vmdk,Possibly a Zombie vmdk file! Please check.,Zombie,sa-vcsa-01.vclass.local,8489a4e0-3c29-4455-a617-730e40b7d1d4
[SA-Shared-01-Remote] Windows-7-x64-sp1/Windows-7-x64-sp1.vmx,Possibly a Zombie VM! Please check.,Zombie,sa-vcsa-01.vclass.local,8489a4e0-3c29-4455-a617-730e40b7d1d4
AppVolMgr,On C:\ is 0% disk space available! The threshold value is 10%. Free MB = 116,Storage,sa-vcsa-01.vclass.local,8489a4e0-3c29-4455-a617-730e40b7d1d4
sa-compserver,Inconsistent Foldername! VMname = sa-compserver Foldername = SA-HZN-COMP-01,Foldername,sa-vcsa-01.vclass.local,8489a4e0-3c29-4455-a617-730e40b7d1d4
Win7Desktop,"On C:\ is 8% disk space available! The threshold value is 10%. Free MB = 1,014",Storage,sa-vcsa-01.vclass.local,8489a4e0-3c29-4455-a617-730e40b7d1d4
