VM,Powerstate,Template,Disk,Capacity MB,Raw,Disk Mode,Thin,Eagerly Scrub,Split,Write Through,Level,Shares,Reservation,Limit,Controller,Label,SCSI Unit #,Unit #,Shared Bus,Path,Raw LUN ID,Raw Comp. Mode,Annotation,Datacenter,Cluster,Host,Folder,OS according to the configuration file,OS according to the VMware Tools,VM ID,VM UUID,VI SDK Server,VI SDK UUID
AppVolMgr,poweredOff,False,Hard disk 1,20480,False,persistent,True,False,False,False,normal,1000,0,-1,LSI Logic SAS,SCSI controller 0,7,0,noSharing,[SA-Shared-01-Remote] AppVolMgr/AppVolMgr.vmdk,,,,SA Datacenter,Clone Cluster,sa-esxi-03.vclass.local,,Microsoft Windows Server 2012 (64-bit),,vm-45,4232465a-00ff-e04b-99b2-6ac6001fb1a9,sa-vcsa-01.vclass.local,8489a4e0-3c29-4455-a617-730e40b7d1d4
DT1,poweredOff,False,Hard disk 1,32768,False,persistent,False,False,False,False,normal,1000,0,-1,LSI Logic SAS,SCSI controller 0,7,0,noSharing,[SA-Shared-02-Remote] DT1/DT1.vmdk,,,,SA Datacenter,SA Compute-01,sa-esxi-01.vclass.local,,Microsoft Windows 10 (64-bit),,vm-145,42089dbc-d283-fffc-a34c-bd39e6c7bec3,sa-vcsa-01.vclass.local,8489a4e0-3c29-4455-a617-730e40b7d1d4
RDSHCapture,poweredOff,False,Hard disk 1,14336,False,persistent,True,False,False,False,normal,1000,0,-1,LSI Logic SAS,SCSI controller 0,7,0,noSharing,[SA-Shared-01-Remote] RDSHCapture/RDSHCapture_1.vmdk,,,,SA Datacenter,SA Compute-01,sa-esxi-02.vclass.local,,Microsoft Windows Server 2012 (64-bit),,vm-46,4232b2cf-3c6c-d0ee-5021-d9fc23eec69f,sa-vcsa-01.vclass.local,8489a4e0-3c29-4455-a617-730e40b7d1d4
RDSHost,poweredOff,False,Hard disk 1,14336,False,persistent,True,False,False,False,normal,1000,0,-1,LSI Logic SAS,SCSI controller 0,7,0,noSharing,[SA-Shared-01-Remote] RDSHost/RDSHost_1.vmdk,,,,SA Datacenter,SA Compute-01,sa-esxi-02.vclass.local,,Microsoft Windows Server 2012 (64-bit),,vm-47,4232af00-d2b0-0442-d29f-a4b68b6598c2,sa-vcsa-01.vclass.local,8489a4e0-3c29-4455-a617-730e40b7d1d4
sa-compserver,poweredOff,False,Hard disk 1,20480,False,persistent,True,False,False,False,normal,1000,0,-1,LSI Logic SAS,SCSI controller 0,7,0,noSharing,[SA-Shared-01-Remote] SA-HZN-COMP-01/SA-HZN-COMP-01_3.vmdk,,,,SA Datacenter,SA Compute-01,sa-esxi-02.vclass.local,,Microsoft Windows Server 2012 (64-bit),,vm-149,420891b5-ab6f-b29f-f7d9-3353b63b025c,sa-vcsa-01.vclass.local,8489a4e0-3c29-4455-a617-730e40b7d1d4
Win10,poweredOff,False,Hard disk 1,32768,False,persistent,True,False,False,False,normal,1000,0,-1,LSI Logic SAS,SCSI controller 0,7,0,noSharing,[SA-Shared-02-Remote] Win10/Win10.vmdk,,,,SA Datacenter,SA Compute-01,sa-esxi-01.vclass.local,,Microsoft Windows 10 (64-bit),,vm-143,4208f428-ab96-d8b7-b56a-d144989324cd,sa-vcsa-01.vclass.local,8489a4e0-3c29-4455-a617-730e40b7d1d4
Win10-01,poweredOff,False,Hard disk 1,32768,False,persistent,True,False,False,False,normal,1000,0,-1,LSI Logic SAS,SCSI controller 0,7,0,noSharing,[SA-Shared-01-Remote] Win10-01/Win10-01.vmdk,,,,SA Datacenter,SA Compute-01,sa-esxi-02.vclass.local,,Microsoft Windows 10 (64-bit),,vm-142,4208ba2f-75b4-20ef-0a01-b2b240decb81,sa-vcsa-01.vclass.local,8489a4e0-3c29-4455-a617-730e40b7d1d4
Win10Capture,poweredOff,False,Hard disk 1,32768,False,persistent,True,False,False,False,normal,1000,0,-1,LSI Logic SAS,SCSI controller 0,7,0,noSharing,[SA-Shared-01-Remote] Win10Capture/Win10Capture.vmdk,,,,SA Datacenter,SA Compute-01,sa-esxi-02.vclass.local,,Microsoft Windows 10 (64-bit),,vm-101,4208cf05-802b-5043-7524-bab3ebf39b20,sa-vcsa-01.vclass.local,8489a4e0-3c29-4455-a617-730e40b7d1d4
Win10Desktop,poweredOff,False,Hard disk 1,32768,False,persistent,True,False,False,False,normal,1000,0,-1,LSI Logic SAS,SCSI controller 0,7,0,noSharing,[SA-Shared-01-Remote] Win10Desktop/Win10Desktop.vmdk,,,,SA Datacenter,SA Compute-01,sa-esxi-02.vclass.local,,Microsoft Windows 10 (64-bit),,vm-103,4208898f-5677-063c-71c4-359384f9d90c,sa-vcsa-01.vclass.local,8489a4e0-3c29-4455-a617-730e40b7d1d4
Win10Gold,poweredOff,False,Hard disk 1,32768,False,persistent,True,False,False,False,normal,1000,0,-1,LSI Logic SAS,SCSI controller 0,7,0,noSharing,[SA-Shared-01-Remote] Win10Gold/Win10Gold.vmdk,,,,SA Datacenter,SA Compute-01,sa-esxi-01.vclass.local,,Microsoft Windows 10 (64-bit),,vm-106,420848ad-784f-d49d-9678-01433fd17091,sa-vcsa-01.vclass.local,8489a4e0-3c29-4455-a617-730e40b7d1d4
Win10ICParent,poweredOff,False,Hard disk 1,32768,False,persistent,True,False,False,False,normal,1000,0,-1,LSI Logic SAS,SCSI controller 0,7,0,noSharing,[SA-Shared-02-Remote] Win10ICParent/Win10ICParent.vmdk,,,,SA Datacenter,Clone Cluster,sa-esxi-03.vclass.local,,Microsoft Windows 10 (64-bit),,vm-144,42084a3e-4603-6fcf-e3df-7d2edf35dbac,sa-vcsa-01.vclass.local,8489a4e0-3c29-4455-a617-730e40b7d1d4
Win7Desktop,poweredOff,False,Hard disk 1,12288,False,persistent,True,False,False,False,normal,1000,0,-1,LSI Logic SAS,SCSI controller 0,7,0,noSharing,[SA-Shared-01-Remote] Win7Desktop/Win7Desktop.vmdk,,,,SA Datacenter,SA Compute-01,sa-esxi-01.vclass.local,,Microsoft Windows 7 (64-bit),,vm-48,4232d276-d52a-9ee6-9ec6-d9f2097d2c3f,sa-vcsa-01.vclass.local,8489a4e0-3c29-4455-a617-730e40b7d1d4
Win7LCParent,poweredOff,False,Hard disk 1,12288,False,persistent,True,False,False,False,normal,1000,0,-1,LSI Logic SAS,SCSI controller 0,7,0,noSharing,[SA-Shared-02-Remote] Win7LCParent/Win7LCParent.vmdk,,,,SA Datacenter,Clone Cluster,sa-esxi-03.vclass.local,,Microsoft Windows 7 (64-bit),,vm-150,4208ed4d-a76e-22a8-bf56-ee10604e0795,sa-vcsa-01.vclass.local,8489a4e0-3c29-4455-a617-730e40b7d1d4
Win7Manager,poweredOff,False,Hard disk 1,12288,False,persistent,True,False,False,False,normal,1000,0,-1,LSI Logic SAS,SCSI controller 0,7,0,noSharing,[SA-Shared-01-Remote] Win7Manager/Win7Manager.vmdk,,,,SA Datacenter,SA Compute-01,sa-esxi-02.vclass.local,,Microsoft Windows 7 (64-bit),,vm-49,4232ec41-398e-b155-65a5-b6c420e7796c,sa-vcsa-01.vclass.local,8489a4e0-3c29-4455-a617-730e40b7d1d4
Win7Profiler,poweredOff,False,Hard disk 1,12288,False,persistent,True,False,False,False,normal,1000,0,-1,LSI Logic SAS,SCSI controller 0,7,0,noSharing,[SA-Shared-01-Remote] Win7Profiler/Win7Profiler.vmdk,,,,SA Datacenter,SA Compute-01,sa-esxi-02.vclass.local,,Microsoft Windows 7 (64-bit),,vm-50,42328ccd-6f81-00cc-7442-251062e41f00,sa-vcsa-01.vclass.local,8489a4e0-3c29-4455-a617-730e40b7d1d4
Windows-Server-2012-r2-x64,poweredOff,False,Hard disk 1,12288,False,persistent,True,False,False,False,normal,1000,0,-1,LSI Logic SAS,SCSI controller 0,7,0,noSharing,[SA-Shared-01-Remote] Windows-Server-2012-r2-x64/Windows-Server-2012-r2-x64.vmdk,,,,SA Datacenter,SA Compute-01,sa-esxi-04.vclass.local,,Microsoft Windows Server 2012 (64-bit),,vm-146,42326195-3788-c40f-5754-26590ddf46b8,sa-vcsa-01.vclass.local,8489a4e0-3c29-4455-a617-730e40b7d1d4
