Host,Cluster,Datacenter,Datastore,Disk,Display name,Policy,Oper. State,Path 1,Path 1 state,Path 2,Path 2 state,Path 3,Path 3 state,Path 4,Path 4 state,Path 5,Path 5 state,Path 6,Path 6 state,Path 7,Path 7 state,Path 8,Path 8 state,vStorage,Queue depth,Vendor,Model,Revision,Level,Serial #,UUID,Object ID,VI SDK Server,VI SDK UUID
sa-esxi-01.vclass.local,SA Compute-01,SA Datacenter,SA-Shared-02-Remote,naa.60003ff44dc75adca57b6de9c8280658,MSFT iSCSI Disk (naa.60003ff44dc75adca57b6de9c8280658),VMW_PSP_FIXED,ok,vmhba65,active,vmhba65,active,,,,,,,,,,,,,vStorageUnsupported,128,MSFT    ,Virtual HD      ,6.3 ,5,unavailable,020002000060003ff44dc75adca57b6de9c8280658566972747561,datastore-141,sa-vcsa-01.vclass.local,8489a4e0-3c29-4455-a617-730e40b7d1d4
sa-esxi-01.vclass.local,SA Compute-01,SA Datacenter,SA-ESXi-01 Local,mpx.vmhba1:C0:T0:L0,Local VMware Disk (mpx.vmhba1:C0:T0:L0),VMW_PSP_FIXED,ok,vmhba1,active,,,,,,,,,,,,,,,vStorageUnsupported,32,VMware  ,Virtual disk    ,1.0 ,2,unavailable,0000000000766d686261313a303a30,datastore-30,sa-vcsa-01.vclass.local,8489a4e0-3c29-4455-a617-730e40b7d1d4
sa-esxi-01.vclass.local,SA Compute-01,SA Datacenter,SA-Shared-01-Remote,naa.60003ff44dc75adcb1ebfac28c9dec13,MSFT iSCSI Disk (naa.60003ff44dc75adcb1ebfac28c9dec13),VMW_PSP_FIXED,ok,vmhba65,active,vmhba65,active,,,,,,,,,,,,,vStorageUnsupported,128,MSFT    ,Virtual HD      ,6.3 ,5,unavailable,020001000060003ff44dc75adcb1ebfac28c9dec13566972747561,datastore-121,sa-vcsa-01.vclass.local,8489a4e0-3c29-4455-a617-730e40b7d1d4
sa-esxi-02.vclass.local,SA Compute-01,SA Datacenter,SA-Shared-01-Remote,naa.60003ff44dc75adcb1ebfac28c9dec13,MSFT iSCSI Disk (naa.60003ff44dc75adcb1ebfac28c9dec13),VMW_PSP_FIXED,ok,vmhba65,active,vmhba65,active,,,,,,,,,,,,,vStorageUnsupported,128,MSFT    ,Virtual HD      ,6.3 ,5,unavailable,020001000060003ff44dc75adcb1ebfac28c9dec13566972747561,datastore-121,sa-vcsa-01.vclass.local,8489a4e0-3c29-4455-a617-730e40b7d1d4
sa-esxi-02.vclass.local,SA Compute-01,SA Datacenter,SA-Shared-02-Remote,naa.60003ff44dc75adca57b6de9c8280658,MSFT iSCSI Disk (naa.60003ff44dc75adca57b6de9c8280658),VMW_PSP_FIXED,ok,vmhba65,active,vmhba65,active,,,,,,,,,,,,,vStorageUnsupported,128,MSFT    ,Virtual HD      ,6.3 ,5,unavailable,020002000060003ff44dc75adca57b6de9c8280658566972747561,datastore-141,sa-vcsa-01.vclass.local,8489a4e0-3c29-4455-a617-730e40b7d1d4
sa-esxi-02.vclass.local,SA Compute-01,SA Datacenter,SA-ESXi-02 Local,mpx.vmhba1:C0:T0:L0,Local VMware Disk (mpx.vmhba1:C0:T0:L0),VMW_PSP_FIXED,ok,vmhba1,active,,,,,,,,,,,,,,,vStorageUnsupported,32,VMware  ,Virtual disk    ,1.0 ,2,unavailable,0000000000766d686261313a303a30,datastore-35,sa-vcsa-01.vclass.local,8489a4e0-3c29-4455-a617-730e40b7d1d4
sa-esxi-03.vclass.local,Clone Cluster,SA Datacenter,SA-Shared-01-Remote,naa.60003ff44dc75adcb1ebfac28c9dec13,MSFT iSCSI Disk (naa.60003ff44dc75adcb1ebfac28c9dec13),VMW_PSP_FIXED,ok,vmhba65,active,vmhba65,active,,,,,,,,,,,,,vStorageUnsupported,128,MSFT    ,Virtual HD      ,6.3 ,5,unavailable,020001000060003ff44dc75adcb1ebfac28c9dec13566972747561,datastore-121,sa-vcsa-01.vclass.local,8489a4e0-3c29-4455-a617-730e40b7d1d4
sa-esxi-03.vclass.local,Clone Cluster,SA Datacenter,SA-Shared-02-Remote,naa.60003ff44dc75adca57b6de9c8280658,MSFT iSCSI Disk (naa.60003ff44dc75adca57b6de9c8280658),VMW_PSP_FIXED,ok,vmhba65,active,vmhba65,active,,,,,,,,,,,,,vStorageUnsupported,128,MSFT    ,Virtual HD      ,6.3 ,5,unavailable,020002000060003ff44dc75adca57b6de9c8280658566972747561,datastore-141,sa-vcsa-01.vclass.local,8489a4e0-3c29-4455-a617-730e40b7d1d4
sa-esxi-03.vclass.local,Clone Cluster,SA Datacenter,SA-ESXi-03 Local,mpx.vmhba1:C0:T0:L0,Local VMware Disk (mpx.vmhba1:C0:T0:L0),VMW_PSP_FIXED,ok,vmhba1,active,,,,,,,,,,,,,,,vStorageUnsupported,32,VMware  ,Virtual disk    ,1.0 ,2,unavailable,0000000000766d686261313a303a30,datastore-37,sa-vcsa-01.vclass.local,8489a4e0-3c29-4455-a617-730e40b7d1d4
sa-esxi-04.vclass.local,SA Compute-01,SA Datacenter,SA-ESXi-04 Local,mpx.vmhba1:C0:T0:L0,Local VMware Disk (mpx.vmhba1:C0:T0:L0),VMW_PSP_FIXED,ok,vmhba1,active,,,,,,,,,,,,,,,vStorageUnsupported,32,VMware  ,Virtual disk    ,1.0 ,2,unavailable,0000000000766d686261313a303a30,datastore-39,sa-vcsa-01.vclass.local,8489a4e0-3c29-4455-a617-730e40b7d1d4
sa-esxi-04.vclass.local,SA Compute-01,SA Datacenter,SA-Shared-01-Remote,naa.60003ff44dc75adcb1ebfac28c9dec13,MSFT iSCSI Disk (naa.60003ff44dc75adcb1ebfac28c9dec13),VMW_PSP_FIXED,ok,vmhba65,active,vmhba65,active,,,,,,,,,,,,,vStorageUnsupported,128,MSFT    ,Virtual HD      ,6.3 ,5,unavailable,020001000060003ff44dc75adcb1ebfac28c9dec13566972747561,datastore-121,sa-vcsa-01.vclass.local,8489a4e0-3c29-4455-a617-730e40b7d1d4
sa-esxi-04.vclass.local,SA Compute-01,SA Datacenter,SA-Shared-02-Remote,naa.60003ff44dc75adca57b6de9c8280658,MSFT iSCSI Disk (naa.60003ff44dc75adca57b6de9c8280658),VMW_PSP_FIXED,ok,vmhba65,active,vmhba65,active,,,,,,,,,,,,,vStorageUnsupported,128,MSFT    ,Virtual HD      ,6.3 ,5,unavailable,020002000060003ff44dc75adca57b6de9c8280658566972747561,datastore-141,sa-vcsa-01.vclass.local,8489a4e0-3c29-4455-a617-730e40b7d1d4
