Name,Config status,Address,Accessible,Type,# VMs,Capacity MB,Provisioned MB,In Use MB,Free MB,Free %,SIOC enabled,SIOC Threshold,# Hosts,Hosts,Cluster name,Cluster capacity MB,Cluster free space MB,Block size,Max Blocks,# Extents,Major Version,Version,VMFS Upgradeable,MHA,URL,VI SDK Server,VI SDK UUID
SA-ESXi-01 Local,gray,mpx.vmhba1:C0:T0:L0,True,VMFS,0,512,17,17,495,96,False,30,1,sa-esxi-01.vclass.local,,,,1,63963136,1,5,5.61,False,False,ds:///vmfs/volumes/567e5066-3782e23b-8e1b-00505601879d/,sa-vcsa-01.vclass.local,8489a4e0-3c29-4455-a617-730e40b7d1d4
SA-ESXi-02 Local,gray,mpx.vmhba1:C0:T0:L0,True,VMFS,0,512,17,17,495,96,False,30,1,sa-esxi-02.vclass.local,,,,1,63963136,1,5,5.61,False,False,ds:///vmfs/volumes/567e5071-a7e7e759-14fa-0050560187a4/,sa-vcsa-01.vclass.local,8489a4e0-3c29-4455-a617-730e40b7d1d4
SA-ESXi-03 Local,gray,mpx.vmhba1:C0:T0:L0,True,VMFS,0,512,17,17,495,96,False,30,1,sa-esxi-03.vclass.local,,,,1,63963136,1,5,5.61,False,False,ds:///vmfs/volumes/567e5076-0f2d6bec-0585-0050560187ad/,sa-vcsa-01.vclass.local,8489a4e0-3c29-4455-a617-730e40b7d1d4
SA-ESXi-04 Local,gray,mpx.vmhba1:C0:T0:L0,True,VMFS,0,512,17,17,495,96,False,30,1,sa-esxi-04.vclass.local,,,,1,63963136,1,5,5.61,False,False,ds:///vmfs/volumes/567e5078-7aa0a5f9-5d9d-0050560187bd/,sa-vcsa-01.vclass.local,8489a4e0-3c29-4455-a617-730e40b7d1d4
SA-Shared-01-Remote,gray,naa.60003ff44dc75adcb1ebfac28c9dec13,True,VMFS,0,306944,303577,212130,94814,30,False,30,4,"sa-esxi-04.vclass.local, sa-esxi-02.vclass.local, sa-esxi-03.vclass.local, sa-esxi-01.vclass.local",,,,1,63963136,1,6,6.82,False,True,ds:///vmfs/volumes/5b64578a-f91aabec-c1c7-00505601879d/,sa-vcsa-01.vclass.local,8489a4e0-3c29-4455-a617-730e40b7d1d4
SA-Shared-02-Remote,gray,naa.60003ff44dc75adca57b6de9c8280658,True,VMFS,0,204544,121433,95051,109493,53,False,30,4,"sa-esxi-04.vclass.local, sa-esxi-02.vclass.local, sa-esxi-03.vclass.local, sa-esxi-01.vclass.local",,,,1,63963136,1,6,6.82,False,True,ds:///vmfs/volumes/5c36333c-97870cec-5c0f-00505601879d/,sa-vcsa-01.vclass.local,8489a4e0-3c29-4455-a617-730e40b7d1d4
