VM,Powerstate,Template,Disk,Capacity MB,Consumed MB,Free MB,Free % ,Annotation,Datacenter,Cluster,Host,Folder,OS according to the configuration file,OS according to the VMware Tools,VM ID,VM UUID,VI SDK Server,VI SDK UUID
AppVolMgr,poweredOff,False,C:\,20126,20010,116,0,,SA Datacenter,Clone Cluster,sa-esxi-03.vclass.local,,Microsoft Windows Server 2012 (64-bit),,vm-45,4232465a-00ff-e04b-99b2-6ac6001fb1a9,sa-vcsa-01.vclass.local,8489a4e0-3c29-4455-a617-730e40b7d1d4
Win7Desktop,poweredOff,False,C:\,12185,11171,1014,8,,SA Datacenter,SA Compute-01,sa-esxi-01.vclass.local,,Microsoft Windows 7 (64-bit),,vm-48,4232d276-d52a-9ee6-9ec6-d9f2097d2c3f,sa-vcsa-01.vclass.local,8489a4e0-3c29-4455-a617-730e40b7d1d4
Win7Manager,poweredOff,False,C:\,12185,9808,2377,19,,SA Datacenter,SA Compute-01,sa-esxi-02.vclass.local,,Microsoft Windows 7 (64-bit),,vm-49,4232ec41-398e-b155-65a5-b6c420e7796c,sa-vcsa-01.vclass.local,8489a4e0-3c29-4455-a617-730e40b7d1d4
Win7Profiler,poweredOff,False,C:\,12185,9749,2436,19,,SA Datacenter,SA Compute-01,sa-esxi-02.vclass.local,,Microsoft Windows 7 (64-bit),,vm-50,42328ccd-6f81-00cc-7442-251062e41f00,sa-vcsa-01.vclass.local,8489a4e0-3c29-4455-a617-730e40b7d1d4
Windows-Server-2012-r2-x64,poweredOff,False,C:\,11935,10227,1708,14,,SA Datacenter,SA Compute-01,sa-esxi-04.vclass.local,,Microsoft Windows Server 2012 (64-bit),,vm-146,42326195-3788-c40f-5754-26590ddf46b8,sa-vcsa-01.vclass.local,8489a4e0-3c29-4455-a617-730e40b7d1d4
