Host,Datacenter,Cluster,Network Device,Driver,Speed,Duplex,MAC,Switch,PCI,WakeOn,VI SDK Server,VI SDK UUID
sa-esxi-01.vclass.local,SA Datacenter,SA Compute-01,vmnic3,nvmxnet3,,Link is down!,00:50:56:01:87:a0,,0000:1b:00.0,False,sa-vcsa-01.vclass.local,8489a4e0-3c29-4455-a617-730e40b7d1d4
sa-esxi-01.vclass.local,SA Datacenter,SA Compute-01,vmnic1,nvmxnet3,10000,True,00:50:56:01:87:9e,dvs-SA Datacenter,0000:0b:00.0,False,sa-vcsa-01.vclass.local,8489a4e0-3c29-4455-a617-730e40b7d1d4
sa-esxi-01.vclass.local,SA Datacenter,SA Compute-01,vmnic2,nvmxnet3,10000,True,00:50:56:01:87:9f,dvs-SA Datacenter,0000:13:00.0,False,sa-vcsa-01.vclass.local,8489a4e0-3c29-4455-a617-730e40b7d1d4
sa-esxi-01.vclass.local,SA Datacenter,SA Compute-01,vmnic0,nvmxnet3,10000,True,00:50:56:01:87:9d,dvs-SA Datacenter,0000:03:00.0,False,sa-vcsa-01.vclass.local,8489a4e0-3c29-4455-a617-730e40b7d1d4
sa-esxi-02.vclass.local,SA Datacenter,SA Compute-01,vmnic2,nvmxnet3,10000,True,00:50:56:01:87:a2,dvs-SA Datacenter,0000:13:00.0,False,sa-vcsa-01.vclass.local,8489a4e0-3c29-4455-a617-730e40b7d1d4
sa-esxi-02.vclass.local,SA Datacenter,SA Compute-01,vmnic3,nvmxnet3,,Link is down!,00:50:56:01:87:a3,,0000:1b:00.0,False,sa-vcsa-01.vclass.local,8489a4e0-3c29-4455-a617-730e40b7d1d4
sa-esxi-02.vclass.local,SA Datacenter,SA Compute-01,vmnic0,nvmxnet3,10000,True,00:50:56:01:87:a4,dvs-SA Datacenter,0000:03:00.0,False,sa-vcsa-01.vclass.local,8489a4e0-3c29-4455-a617-730e40b7d1d4
sa-esxi-02.vclass.local,SA Datacenter,SA Compute-01,vmnic1,nvmxnet3,10000,True,00:50:56:01:87:a1,dvs-SA Datacenter,0000:0b:00.0,False,sa-vcsa-01.vclass.local,8489a4e0-3c29-4455-a617-730e40b7d1d4
sa-esxi-03.vclass.local,SA Datacenter,Clone Cluster,vmnic3,nvmxnet3,,Link is down!,00:50:56:01:87:b0,,0000:1b:00.0,False,sa-vcsa-01.vclass.local,8489a4e0-3c29-4455-a617-730e40b7d1d4
sa-esxi-03.vclass.local,SA Datacenter,Clone Cluster,vmnic1,nvmxnet3,10000,True,00:50:56:01:87:ae,dvs-SA Datacenter,0000:0b:00.0,False,sa-vcsa-01.vclass.local,8489a4e0-3c29-4455-a617-730e40b7d1d4
sa-esxi-03.vclass.local,SA Datacenter,Clone Cluster,vmnic2,nvmxnet3,10000,True,00:50:56:01:87:af,dvs-SA Datacenter,0000:13:00.0,False,sa-vcsa-01.vclass.local,8489a4e0-3c29-4455-a617-730e40b7d1d4
sa-esxi-03.vclass.local,SA Datacenter,Clone Cluster,vmnic0,nvmxnet3,10000,True,00:50:56:01:87:ad,dvs-SA Datacenter,0000:03:00.0,False,sa-vcsa-01.vclass.local,8489a4e0-3c29-4455-a617-730e40b7d1d4
sa-esxi-04.vclass.local,SA Datacenter,SA Compute-01,vmnic0,nvmxnet3,10000,True,00:50:56:01:87:bd,dvs-SA Datacenter,0000:03:00.0,False,sa-vcsa-01.vclass.local,8489a4e0-3c29-4455-a617-730e40b7d1d4
sa-esxi-04.vclass.local,SA Datacenter,SA Compute-01,vmnic1,nvmxnet3,10000,True,00:50:56:01:87:be,dvs-SA Datacenter,0000:0b:00.0,False,sa-vcsa-01.vclass.local,8489a4e0-3c29-4455-a617-730e40b7d1d4
sa-esxi-04.vclass.local,SA Datacenter,SA Compute-01,vmnic2,nvmxnet3,10000,True,00:50:56:01:87:bf,dvs-SA Datacenter,0000:13:00.0,False,sa-vcsa-01.vclass.local,8489a4e0-3c29-4455-a617-730e40b7d1d4
sa-esxi-04.vclass.local,SA Datacenter,SA Compute-01,vmnic3,nvmxnet3,,Link is down!,00:50:56:01:87:c0,,0000:1b:00.0,False,sa-vcsa-01.vclass.local,8489a4e0-3c29-4455-a617-730e40b7d1d4
