Host,Datacenter,Cluster,Config status,CPU Model,Speed,HT Available,HT Active,# CPU,Cores per CPU,# Cores,CPU usage %,# Memory,Memory usage %,Console,# NICs,# HBAs,# VMs,VMs per Core,# vCPUs,vCPUs per Core,vRAM,VM Used memory,VM Memory Swapped,VM Memory Ballooned,VMotion support,Storage VMotion support,Current EVC,Max EVC,Assigned License(s),ATS Heartbeat,ATS Locking,Current CPU power man. policy,Supported CPU power man.,Host Power Policy,ESX Version,Boot time,DNS Servers,DHCP,Domain,DNS Search Order,NTP Server(s),NTPD running,Time Zone,Time Zone Name,GMT Offset,Vendor,Model,Service tag,OEM specific string,BIOS Version,BIOS Date,Object ID,VI SDK Server,VI SDK UUID
sa-esxi-01.vclass.local,SA Datacenter,SA Compute-01,gray,Intel(R) Xeon(R) CPU E5-2680 v2 @ 2.80GHz,2800,False,False,2,1,2,1,8191,15,0,4,4,0,0,0,0,0,0,0,0,True,True,,intel-ivybridge,J44C0-NY250-E818H-0Q9K6-28YLQ,1,1,Balanced,,dynamic,VMware ESXi 6.7.0 build-8169922,2019/02/24 10:45:44,172.20.10.10,False,vclass.local,vclass.local,172.20.10.10,True,UTC,UTC,0,"VMware, Inc.",VMware Virtual Platform,None,Welcome to the Virtual Machine,6.00,2016/04/04 17:00:00,host-29,sa-vcsa-01.vclass.local,8489a4e0-3c29-4455-a617-730e40b7d1d4
sa-esxi-02.vclass.local,SA Datacenter,SA Compute-01,gray,Intel(R) Xeon(R) CPU E5-2680 v2 @ 2.80GHz,2800,False,False,2,1,2,1,8191,15,0,4,4,0,0,0,0,0,0,0,0,True,True,,intel-ivybridge,J44C0-NY250-E818H-0Q9K6-28YLQ,1,1,Balanced,,dynamic,VMware ESXi 6.7.0 build-8169922,2019/02/24 10:45:48,172.20.10.10,False,vclass.local,vclass.local,172.20.10.10,True,UTC,UTC,0,"VMware, Inc.",VMware Virtual Platform,None,Welcome to the Virtual Machine,6.00,2016/04/04 17:00:00,host-34,sa-vcsa-01.vclass.local,8489a4e0-3c29-4455-a617-730e40b7d1d4
sa-esxi-03.vclass.local,SA Datacenter,Clone Cluster,gray,Intel(R) Xeon(R) CPU E5-2680 v2 @ 2.80GHz,2800,False,False,4,1,4,0,12287,10,0,4,4,0,0,0,0,0,0,0,0,True,True,,intel-ivybridge,J44C0-NY250-E818H-0Q9K6-28YLQ,1,1,Balanced,,dynamic,VMware ESXi 6.7.0 build-8169922,2019/02/24 10:45:53,172.20.10.10,False,vclass.local,vclass.local,172.20.10.10,True,UTC,UTC,0,"VMware, Inc.",VMware Virtual Platform,None,Welcome to the Virtual Machine,6.00,2016/04/04 17:00:00,host-36,sa-vcsa-01.vclass.local,8489a4e0-3c29-4455-a617-730e40b7d1d4
sa-esxi-04.vclass.local,SA Datacenter,SA Compute-01,gray,Intel(R) Xeon(R) CPU E5-2680 v2 @ 2.80GHz,2800,False,False,2,1,2,1,4095,29,0,4,4,0,0,0,0,0,0,0,0,True,True,,intel-ivybridge,J44C0-NY250-E818H-0Q9K6-28YLQ,1,1,Balanced,,dynamic,VMware ESXi 6.7.0 build-8169922,2019/02/24 10:46:00,172.20.10.10,False,vclass.local,vclass.local,172.20.10.10,True,UTC,UTC,0,"VMware, Inc.",VMware Virtual Platform,None,Welcome to the Virtual Machine,6.00,2016/04/04 17:00:00,host-38,sa-vcsa-01.vclass.local,8489a4e0-3c29-4455-a617-730e40b7d1d4
