Host,Datacenter,Cluster,Device,Type,Status,Bus,Pci,Driver,Model,WWN,VI SDK Server,VI SDK UUID
sa-esxi-01.vclass.local,SA Datacenter,SA Compute-01,vmhba65,ISCSI,online,-1,N/A,iscsi_vmk,iSCSI Software Adapter,,sa-vcsa-01.vclass.local,8489a4e0-3c29-4455-a617-730e40b7d1d4
sa-esxi-01.vclass.local,SA Datacenter,SA Compute-01,vmhba1,SCSI,unknown,0,0000:00:10.0,mptspi,53c1030 PCI-X Fusion-MPT Dual Ultra320 SCSI,,sa-vcsa-01.vclass.local,8489a4e0-3c29-4455-a617-730e40b7d1d4
sa-esxi-01.vclass.local,SA Datacenter,SA Compute-01,vmhba64,Block SCSI,unknown,0,0000:00:07.1,vmkata,PIIX4 for 430TX/440BX/MX IDE Controller,,sa-vcsa-01.vclass.local,8489a4e0-3c29-4455-a617-730e40b7d1d4
sa-esxi-01.vclass.local,SA Datacenter,SA Compute-01,vmhba0,Block SCSI,unknown,0,0000:00:07.1,vmkata,PIIX4 for 430TX/440BX/MX IDE Controller,,sa-vcsa-01.vclass.local,8489a4e0-3c29-4455-a617-730e40b7d1d4
sa-esxi-02.vclass.local,SA Datacenter,SA Compute-01,vmhba64,Block SCSI,unknown,0,0000:00:07.1,vmkata,PIIX4 for 430TX/440BX/MX IDE Controller,,sa-vcsa-01.vclass.local,8489a4e0-3c29-4455-a617-730e40b7d1d4
sa-esxi-02.vclass.local,SA Datacenter,SA Compute-01,vmhba65,ISCSI,online,-1,N/A,iscsi_vmk,iSCSI Software Adapter,,sa-vcsa-01.vclass.local,8489a4e0-3c29-4455-a617-730e40b7d1d4
sa-esxi-02.vclass.local,SA Datacenter,SA Compute-01,vmhba0,Block SCSI,unknown,0,0000:00:07.1,vmkata,PIIX4 for 430TX/440BX/MX IDE Controller,,sa-vcsa-01.vclass.local,8489a4e0-3c29-4455-a617-730e40b7d1d4
sa-esxi-02.vclass.local,SA Datacenter,SA Compute-01,vmhba1,SCSI,unknown,0,0000:00:10.0,mptspi,53c1030 PCI-X Fusion-MPT Dual Ultra320 SCSI,,sa-vcsa-01.vclass.local,8489a4e0-3c29-4455-a617-730e40b7d1d4
sa-esxi-03.vclass.local,SA Datacenter,Clone Cluster,vmhba65,ISCSI,online,-1,N/A,iscsi_vmk,iSCSI Software Adapter,,sa-vcsa-01.vclass.local,8489a4e0-3c29-4455-a617-730e40b7d1d4
sa-esxi-03.vclass.local,SA Datacenter,Clone Cluster,vmhba1,SCSI,unknown,0,0000:00:10.0,mptspi,53c1030 PCI-X Fusion-MPT Dual Ultra320 SCSI,,sa-vcsa-01.vclass.local,8489a4e0-3c29-4455-a617-730e40b7d1d4
sa-esxi-03.vclass.local,SA Datacenter,Clone Cluster,vmhba64,Block SCSI,unknown,0,0000:00:07.1,vmkata,PIIX4 for 430TX/440BX/MX IDE Controller,,sa-vcsa-01.vclass.local,8489a4e0-3c29-4455-a617-730e40b7d1d4
sa-esxi-03.vclass.local,SA Datacenter,Clone Cluster,vmhba0,Block SCSI,unknown,0,0000:00:07.1,vmkata,PIIX4 for 430TX/440BX/MX IDE Controller,,sa-vcsa-01.vclass.local,8489a4e0-3c29-4455-a617-730e40b7d1d4
sa-esxi-04.vclass.local,SA Datacenter,SA Compute-01,vmhba0,Block SCSI,unknown,0,0000:00:07.1,vmkata,PIIX4 for 430TX/440BX/MX IDE Controller,,sa-vcsa-01.vclass.local,8489a4e0-3c29-4455-a617-730e40b7d1d4
sa-esxi-04.vclass.local,SA Datacenter,SA Compute-01,vmhba1,SCSI,unknown,0,0000:00:10.0,mptspi,53c1030 PCI-X Fusion-MPT Dual Ultra320 SCSI,,sa-vcsa-01.vclass.local,8489a4e0-3c29-4455-a617-730e40b7d1d4
sa-esxi-04.vclass.local,SA Datacenter,SA Compute-01,vmhba64,Block SCSI,unknown,0,0000:00:07.1,vmkata,PIIX4 for 430TX/440BX/MX IDE Controller,,sa-vcsa-01.vclass.local,8489a4e0-3c29-4455-a617-730e40b7d1d4
sa-esxi-04.vclass.local,SA Datacenter,SA Compute-01,vmhba65,ISCSI,online,-1,N/A,iscsi_vmk,iSCSI Software Adapter,,sa-vcsa-01.vclass.local,8489a4e0-3c29-4455-a617-730e40b7d1d4
