VM,Powerstate,Template,Config status,DNS Name,Connection state,Guest state,Heartbeat,Consolidation Needed,PowerOn,Suspend time,Change Version,CPUs,Latency Sensitivity,Memory,NICs,Disks,EnableUUID,CBT,Network #1,Network #2,Network #3,Network #4,Num Monitors,Video Ram KB,Resource pool,Folder,vApp,DAS protection,FT State,FT Latency,FT Bandwidth,FT Sec. Latency,Provisioned MB,In Use MB,Unshared MB,HA Restart Priority,HA Isolation Response,HA VM Monitoring,Cluster rule(s),Cluster rule name(s),Boot Required,Boot delay,Boot retry delay,Boot retry enabled,Boot BIOS setup,Firmware,HW version,HW upgrade status,HW upgrade policy,HW target,Path,Annotation,Datacenter,Cluster,Host,OS according to the configuration file,OS according to the VMware Tools,VM ID,VM UUID,VI SDK Server type,VI SDK API Version,VI SDK Server,VI SDK UUID
AppVolMgr,poweredOff,False,green,AppVolMgr.vclass.local,connected,notRunning,gray,False,,,2019-02-24T18:49:54.235201Z,2,normal,6144,1,1,TRUE,,pg-SA Production,,,,1,8192,/SA Datacenter/Clone Cluster/Resources,,,,notConfigured,gray,-1,-1,26839,19456,19454,medium,none,vmMonitoringDisabled,,,False,0,10000,False,False,bios,11,none,never,,[SA-Shared-01-Remote] AppVolMgr/AppVolMgr.vmx,,SA Datacenter,Clone Cluster,sa-esxi-03.vclass.local,Microsoft Windows Server 2012 (64-bit),,vm-45,4232465a-00ff-e04b-99b2-6ac6001fb1a9,VMware vCenter Server 6.7.0 build-8546293,6.7,sa-vcsa-01.vclass.local,8489a4e0-3c29-4455-a617-730e40b7d1d4
DT1,poweredOff,False,green,DT1.vclass.local,connected,notRunning,gray,False,,,2019-02-24T18:49:54.422853Z,2,normal,2048,1,1,TRUE,,pg-SA Production,,,,2,36032,/SA Datacenter/SA Compute-01/Resources,,,,notConfigured,gray,-1,-1,35142,32770,32768,medium,none,vmMonitoringDisabled,,,False,0,10000,False,False,efi,14,none,never,,[SA-Shared-02-Remote] DT1/DT1.vmx,,SA Datacenter,SA Compute-01,sa-esxi-01.vclass.local,Microsoft Windows 10 (64-bit),,vm-145,42089dbc-d283-fffc-a34c-bd39e6c7bec3,VMware vCenter Server 6.7.0 build-8546293,6.7,sa-vcsa-01.vclass.local,8489a4e0-3c29-4455-a617-730e40b7d1d4
RDSHCapture,poweredOff,False,green,RDSHCapture.vclass.local,connected,notRunning,gray,False,,,2019-02-24T18:49:55.007475Z,1,normal,4096,1,1,TRUE,,pg-SA Production,,,,1,8192,/SA Datacenter/SA Compute-01/Resources,,,,notConfigured,gray,-1,-1,18645,10334,10332,medium,none,vmMonitoringDisabled,,,False,0,10000,False,False,bios,11,none,never,,[SA-Shared-01-Remote] RDSHCapture/RDSHCapture.vmx,,SA Datacenter,SA Compute-01,sa-esxi-02.vclass.local,Microsoft Windows Server 2012 (64-bit),,vm-46,4232b2cf-3c6c-d0ee-5021-d9fc23eec69f,VMware vCenter Server 6.7.0 build-8546293,6.7,sa-vcsa-01.vclass.local,8489a4e0-3c29-4455-a617-730e40b7d1d4
RDSHost,poweredOff,False,green,RDSHost.vclass.local,connected,notRunning,gray,False,,,2019-02-24T18:49:55.007752Z,1,normal,4096,1,1,TRUE,,pg-SA Production,,,,1,8192,/SA Datacenter/SA Compute-01/Resources,,,,notConfigured,gray,-1,-1,18645,10084,10082,medium,none,vmMonitoringDisabled,,,False,0,10000,False,False,bios,11,none,never,,[SA-Shared-01-Remote] RDSHost/RDSHost.vmx,,SA Datacenter,SA Compute-01,sa-esxi-02.vclass.local,Microsoft Windows Server 2012 (64-bit),,vm-47,4232af00-d2b0-0442-d29f-a4b68b6598c2,VMware vCenter Server 6.7.0 build-8546293,6.7,sa-vcsa-01.vclass.local,8489a4e0-3c29-4455-a617-730e40b7d1d4
sa-compserver,poweredOff,False,green,sa-compserver.vclass.local,connected,notRunning,gray,False,,,2019-02-24T18:49:55.007158Z,2,normal,4096,1,1,TRUE,,pg-SA Production,,,,1,8192,/SA Datacenter/SA Compute-01/Resources,,,,notConfigured,gray,-1,-1,24791,18833,18830,medium,none,vmMonitoringDisabled,,,False,0,10000,False,False,bios,11,none,never,,[SA-Shared-01-Remote] SA-HZN-COMP-01/SA-HZN-COMP-01.vmx,,SA Datacenter,SA Compute-01,sa-esxi-02.vclass.local,Microsoft Windows Server 2012 (64-bit),,vm-149,420891b5-ab6f-b29f-f7d9-3353b63b025c,VMware vCenter Server 6.7.0 build-8546293,6.7,sa-vcsa-01.vclass.local,8489a4e0-3c29-4455-a617-730e40b7d1d4
Win10,poweredOff,False,green,Win10.vclass.local,connected,notRunning,gray,False,,,2019-02-24T18:49:54.55418Z,2,normal,2048,1,1,TRUE,,pg-SA Production,,,,2,36032,/SA Datacenter/SA Compute-01/Resources,,,,notConfigured,gray,-1,-1,35141,25227,25227,medium,none,vmMonitoringDisabled,,,False,0,10000,False,False,efi,14,none,never,,[SA-Shared-02-Remote] Win10/Win10.vmx,,SA Datacenter,SA Compute-01,sa-esxi-01.vclass.local,Microsoft Windows 10 (64-bit),,vm-143,4208f428-ab96-d8b7-b56a-d144989324cd,VMware vCenter Server 6.7.0 build-8546293,6.7,sa-vcsa-01.vclass.local,8489a4e0-3c29-4455-a617-730e40b7d1d4
Win10-01,poweredOff,False,green,WIN10-01,connected,notRunning,gray,False,,,2019-02-24T18:49:55.008333Z,2,normal,2048,1,1,TRUE,,pg-SA Production,,,,2,36032,/SA Datacenter/SA Compute-01/Resources,,,,notConfigured,gray,-1,-1,35143,25165,25162,medium,none,vmMonitoringDisabled,,,False,0,10000,False,False,efi,14,none,never,,[SA-Shared-01-Remote] Win10-01/Win10-01.vmx,,SA Datacenter,SA Compute-01,sa-esxi-02.vclass.local,Microsoft Windows 10 (64-bit),,vm-142,4208ba2f-75b4-20ef-0a01-b2b240decb81,VMware vCenter Server 6.7.0 build-8546293,6.7,sa-vcsa-01.vclass.local,8489a4e0-3c29-4455-a617-730e40b7d1d4
Win10Capture,poweredOff,False,green,win10Capture.vclass.local,connected,notRunning,gray,False,,,2019-02-24T18:49:55.010529Z,2,normal,2048,1,1,TRUE,,pg-SA Production,,,,2,36032,/SA Datacenter/SA Compute-01/Resources,,,,notConfigured,gray,-1,-1,35143,22965,22963,medium,none,vmMonitoringDisabled,,,False,0,10000,False,False,efi,14,none,never,,[SA-Shared-01-Remote] Win10Capture/Win10Capture.vmx,,SA Datacenter,SA Compute-01,sa-esxi-02.vclass.local,Microsoft Windows 10 (64-bit),,vm-101,4208cf05-802b-5043-7524-bab3ebf39b20,VMware vCenter Server 6.7.0 build-8546293,6.7,sa-vcsa-01.vclass.local,8489a4e0-3c29-4455-a617-730e40b7d1d4
Win10Desktop,poweredOff,False,green,Win10Desktop.vclass.local,connected,notRunning,gray,False,,,2019-02-24T18:49:55.038321Z,2,normal,2048,1,1,TRUE,,pg-SA Production,,,,2,36032,/SA Datacenter/SA Compute-01/Resources,,,,notConfigured,gray,-1,-1,35142,25931,25930,medium,none,vmMonitoringDisabled,,,False,0,10000,False,False,efi,14,none,never,,[SA-Shared-01-Remote] Win10Desktop/Win10Desktop.vmx,,SA Datacenter,SA Compute-01,sa-esxi-02.vclass.local,Microsoft Windows 10 (64-bit),,vm-103,4208898f-5677-063c-71c4-359384f9d90c,VMware vCenter Server 6.7.0 build-8546293,6.7,sa-vcsa-01.vclass.local,8489a4e0-3c29-4455-a617-730e40b7d1d4
Win10Gold,poweredOff,False,green,WIN10Gold.vclass.local,connected,notRunning,gray,False,,,2019-02-24T18:49:54.7003Z,2,normal,2048,1,1,TRUE,,pg-SA Production,,,,2,36032,/SA Datacenter/SA Compute-01/Resources,,,,notConfigured,gray,-1,-1,35143,22371,22368,medium,none,vmMonitoringDisabled,,,False,0,10000,False,False,efi,14,none,never,,[SA-Shared-01-Remote] Win10Gold/Win10Gold.vmx,,SA Datacenter,SA Compute-01,sa-esxi-01.vclass.local,Microsoft Windows 10 (64-bit),,vm-106,420848ad-784f-d49d-9678-01433fd17091,VMware vCenter Server 6.7.0 build-8546293,6.7,sa-vcsa-01.vclass.local,8489a4e0-3c29-4455-a617-730e40b7d1d4
Win10ICParent,poweredOff,False,green,WIN10ICParent.vclass.local,connected,notRunning,gray,False,,,2019-02-24T18:49:54.326116Z,2,normal,2048,1,1,TRUE,,pg-SA Production,,,,2,36032,/SA Datacenter/Clone Cluster/Resources/Clone Pool,,,,notConfigured,gray,-1,-1,35141,25258,25257,medium,none,vmMonitoringDisabled,,,False,0,10000,False,False,efi,14,none,never,,[SA-Shared-02-Remote] Win10ICParent/Win10ICParent.vmx,,SA Datacenter,Clone Cluster,sa-esxi-03.vclass.local,Microsoft Windows 10 (64-bit),,vm-144,42084a3e-4603-6fcf-e3df-7d2edf35dbac,VMware vCenter Server 6.7.0 build-8546293,6.7,sa-vcsa-01.vclass.local,8489a4e0-3c29-4455-a617-730e40b7d1d4
Win7Desktop,poweredOff,False,green,Win7Desktop.vclass.local,connected,notRunning,gray,False,,,2019-02-24T18:49:54.716783Z,1,normal,2048,1,1,,,pg-SA Production,,,,1,8192,/SA Datacenter/SA Compute-01/Resources,,,,notConfigured,gray,-1,-1,14549,10853,10851,medium,none,vmMonitoringDisabled,,,False,0,10000,False,False,bios,11,none,never,,[SA-Shared-01-Remote] Win7Desktop/Win7Desktop.vmx,,SA Datacenter,SA Compute-01,sa-esxi-01.vclass.local,Microsoft Windows 7 (64-bit),,vm-48,4232d276-d52a-9ee6-9ec6-d9f2097d2c3f,VMware vCenter Server 6.7.0 build-8546293,6.7,sa-vcsa-01.vclass.local,8489a4e0-3c29-4455-a617-730e40b7d1d4
Win7LCParent,poweredOff,False,green,WIN7LCPARENT.vclass.local,connected,notRunning,gray,False,,,2019-02-24T18:49:54.365987Z,1,normal,2048,1,1,,,pg-SA Production,,,,1,8192,/SA Datacenter/Clone Cluster/Resources/Clone Pool,,,,notConfigured,gray,-1,-1,14548,10337,10335,medium,none,vmMonitoringDisabled,,,False,0,10000,False,False,bios,11,none,never,,[SA-Shared-02-Remote] Win7LCParent/Win7LCParent.vmx,,SA Datacenter,Clone Cluster,sa-esxi-03.vclass.local,Microsoft Windows 7 (64-bit),,vm-150,4208ed4d-a76e-22a8-bf56-ee10604e0795,VMware vCenter Server 6.7.0 build-8546293,6.7,sa-vcsa-01.vclass.local,8489a4e0-3c29-4455-a617-730e40b7d1d4
Win7Manager,poweredOff,False,green,Win7Manager.vclass.local,connected,notRunning,gray,False,,,2019-02-24T18:49:55.007997Z,1,normal,2048,1,1,,,pg-SA Production,,,,1,8192,/SA Datacenter/SA Compute-01/Resources,,,,notConfigured,gray,-1,-1,14549,9942,9940,medium,none,vmMonitoringDisabled,,,False,0,10000,False,False,bios,11,none,never,,[SA-Shared-01-Remote] Win7Manager/Win7Manager.vmx,,SA Datacenter,SA Compute-01,sa-esxi-02.vclass.local,Microsoft Windows 7 (64-bit),,vm-49,4232ec41-398e-b155-65a5-b6c420e7796c,VMware vCenter Server 6.7.0 build-8546293,6.7,sa-vcsa-01.vclass.local,8489a4e0-3c29-4455-a617-730e40b7d1d4
Win7Profiler,poweredOff,False,green,Win7Profiler.vclass.local,connected,notRunning,gray,False,,,2019-02-24T18:49:55.008578Z,1,normal,2048,1,1,,,pg-SA Production,,,,1,8192,/SA Datacenter/SA Compute-01/Resources,,,,notConfigured,gray,-1,-1,14549,9973,9971,medium,none,vmMonitoringDisabled,,,False,0,10000,False,False,bios,11,none,never,,[SA-Shared-01-Remote] Win7Profiler/Win7Profiler.vmx,,SA Datacenter,SA Compute-01,sa-esxi-02.vclass.local,Microsoft Windows 7 (64-bit),,vm-50,42328ccd-6f81-00cc-7442-251062e41f00,VMware vCenter Server 6.7.0 build-8546293,6.7,sa-vcsa-01.vclass.local,8489a4e0-3c29-4455-a617-730e40b7d1d4
Windows-Server-2012-r2-x64,poweredOff,False,green,Windows-Server-2012-r2-x64,connected,notRunning,gray,False,,,2019-02-24T18:50:08.518539Z,1,normal,2048,1,1,TRUE,,VM Network,,,,1,8192,/SA Datacenter/SA Compute-01/Resources,,,,notConfigured,gray,-1,-1,14548,10333,10331,medium,none,vmMonitoringDisabled,,,False,0,10000,False,False,bios,11,none,never,,[SA-Shared-01-Remote] Windows-Server-2012-r2-x64/Windows-Server-2012-r2-x64.vmx,,SA Datacenter,SA Compute-01,sa-esxi-04.vclass.local,Microsoft Windows Server 2012 (64-bit),,vm-146,42326195-3788-c40f-5754-26590ddf46b8,VMware vCenter Server 6.7.0 build-8546293,6.7,sa-vcsa-01.vclass.local,8489a4e0-3c29-4455-a617-730e40b7d1d4
