Port,Switch,Type,# Ports,VLAN,Speed,Full Duplex,Blocked,Allow Promiscuous,Mac Changes,Active Uplink,Standby Uplink,Policy,Forged Transmits,In Traffic Shapping,In Avg,In Peak,In Burst,Out Trafic Shaping,Out Avg,Out Peak,Out Burst,Reverse Policy,Notify Switch,Rolling Order,Check Beacon,Live Port Moving,Check Duplex,Check Error %,Check Speed,Percentage,Block Override,Config Reset,Shaping Override,Vendor Config Override,Sec. Policy Override,Teaming Override,Vlan Override,VI SDK Server,VI SDK UUID
dvs-S Datacenter-DVUplinks-40,dvs-SA Datacenter,earlyBinding,16,,10,False,False,False,False,,,loadbalance_srcid,True,False,100000,100000,102400,False,100000,100000,102400,True,True,False,False,False,False,False,minimum,0,True,True,False,False,False,False,False,sa-vcsa-01.vclass.local,8489a4e0-3c29-4455-a617-730e40b7d1d4
pg-SA Management,dvs-SA Datacenter,earlyBinding,8,0,10,False,False,False,False,Uplink 1,,loadbalance_srcid,False,False,100000,100000,102400,False,100000,100000,102400,True,True,False,False,False,False,False,minimum,0,True,True,False,False,False,False,False,sa-vcsa-01.vclass.local,8489a4e0-3c29-4455-a617-730e40b7d1d4
pg-SA Production,dvs-SA Datacenter,earlyBinding,16,0,10,False,False,False,False,Uplink 3,,loadbalance_srcid,False,False,100000,100000,102400,False,100000,100000,102400,True,True,False,False,False,False,False,minimum,0,True,True,False,False,False,False,False,sa-vcsa-01.vclass.local,8489a4e0-3c29-4455-a617-730e40b7d1d4
pg-SA vMotion,dvs-SA Datacenter,earlyBinding,8,0,10,False,False,False,False,Uplink 2,,loadbalance_srcid,False,False,100000,100000,102400,False,100000,100000,102400,True,True,False,False,False,False,False,minimum,0,True,True,False,False,False,False,False,sa-vcsa-01.vclass.local,8489a4e0-3c29-4455-a617-730e40b7d1d4
